{
  "compression_ratio": 2.0306614684287445,
  "size_reduction_percent": 50.75496258006188,
  "memory_reduction_percent": -22.03593483793555,
  "speed_change_percent": -0.007773058420884113,
  "quality_loss_percent": 5.263157894736835,
  "efficiency_score": 0.45491804685325044
}