asset_name,fd_dinov2,gen_rendered,gt_rendered
giraffe_006,122.61176300048828,4,4
giraffe_006,123.0947036743164,4,4
giraffe_006,192.6066131591797,4,4
giraffe_006,192.60882568359375,4,4
giraffe_006,302.2014961242676,4,4
