asset_name,fd_dinov2,gen_rendered,gt_rendered
giraffe_006,122.97291564941406,4,4
giraffe_006,121.87538146972656,4,4
giraffe_006,192.4994888305664,4,4
giraffe_006,192.4101104736328,4,4
giraffe_006,301.83349609375,4,4
