{
  "compression_ratio": 2.9693415947039803,
  "size_reduction_percent": 66.32250052390177,
  "memory_reduction_percent": 10.633375114372653,
  "speed_change_percent": -0.005948037940551343,
  "quality_loss_percent": 5.263157894736835,
  "efficiency_score": 0.6105934262916493
}